{"schemaVersion":"1.0","appDefinitionTemplate":{"id":"/providers/Microsoft.PowerApps/apps/","type":"Microsoft.PowerApps/apps","tags":{"primaryDeviceWidth":"640","primaryDeviceHeight":"1136","supportsPortrait":"true","supportsLandscape":"true","primaryFormFactor":"Phone","showStatusBar":"false","publisherVersion":"3.24082.13","minimumRequiredApiVersion":"2.2.0","hasComponent":"false","hasUnlockedComponent":"false","isUnifiedRootApp":"false","sienaVersion":"20240823T201827Z-3.24082.13.0"},"properties":{"appVersion":"2024-08-23T20:18:27Z","lifeCycleId":"Published","createdByClientVersion":{"major":3,"minor":24082,"build":13,"revision":0,"majorRevision":0,"minorRevision":0},"minClientVersion":{"major":3,"minor":24082,"build":13,"revision":0,"majorRevision":0,"minorRevision":0},"backgroundColor":"RGBA(0,176,240,1)","backgroundImageUri":"/10418981513708144194/Na6ce5cee-8c15-45bc-adcf-435b77ee7ad7-logoSmallFile","displayName":"SERVE FOOD","description":"","commitMessage":"","appUris":{"documentUri":{"value":"/10418981513708144194/N78687bf5-82c6-4bec-ae78-ece9cb590e38-document.msapp"},"imageUris":[],"additionalUris":[{"isSolutionAware":false,"value":"/10418981513708144194/N4ca712ac-e2c7-4627-9437-62ebee68acb4-identity.json"}]},"createdTime":"0001-01-01T00:00:00Z","lastModifiedTime":"0001-01-01T00:00:00Z","sharedGroupsCount":0,"sharedUsersCount":0,"connectionReferences":{"6fd77347-4eca-4b0c-aaf3-04d1dde5b3c6":{"id":"27a421e2-5326-43a9-a60a-aceafafcc72c","displayName":"SharePoint","iconUri":"https://connectoricons-prod.azureedge.net/u/jayawan/releases/v1.0.1697/1.0.1697.3786/sharepointonline/icon.png","dataSources":["Controle de pedidos"],"dependencies":[],"dependents":[],"parameterHints":{},"parameterHintsV2":{},"isOnPremiseConnection":false,"bypassConsent":false,"dataSets":{"https://governosp.sharepoint.com/teams/PRODESP-ControledePedidos":{"dataSources":{"Controle de pedidos":{"tableName":"188ab409-e524-413c-be07-31609cb575f0"}}}},"apiTier":"Standard","isCustomApiConnection":false,"actions":["providers/PowerPlatform.Governance/Operations/Read","providers/PowerPlatform.Governance/Operations/Write"]}},"databaseReferences":{},"almMode":"Environment","performanceOptimizationEnabled":true,"canConsumeAppPass":true,"enableModernRuntimeMode":false,"executionRestrictions":{"isTeamsOnly":false,"dataLossPreventionEvaluationResult":{"status":"Compliant","lastEvaluationDate":"2024-08-15T20:10:25.3970708Z","violations":[],"violationsByPolicy":[],"violationErrorMessage":"O aplicativo usa os seguintes conectores: ."}}},"appType":"ClassicCanvasApp","appComponents":[]}}